[
    {
        "domain": ".facebook.com",
        "expirationDate": 1713449833.324446,
        "hostOnly": false,
        "httpOnly": true,
        "key": "datr",
        "path": "/",
        "sameSite": "no_restriction",
        "secure": true,
        "session": false,
        "storeId": null,
        "value": "pxu0YxccA0yHdvF5Z_xEfoYb"
    },
    {
        "domain": ".facebook.com",
        "expirationDate": 1686755074.923086,
        "hostOnly": false,
        "httpOnly": true,
        "key": "fr",
        "path": "/",
        "sameSite": "no_restriction",
        "secure": true,
        "session": false,
        "storeId": null,
        "value": "0RmELQFCMdRXLP5y5.AWVI_MBKS2Lg_ocFdneTriSbs74.BkExPp.0Z.AAA.0.0.BkEyDZ.AWXmFC10HNM"
    },
    {
        "domain": ".facebook.com",
        "expirationDate": 1710515073.186828,
        "hostOnly": false,
        "httpOnly": true,
        "key": "xs",
        "path": "/",
        "sameSite": "no_restriction",
        "secure": true,
        "session": false,
        "storeId": null,
        "value": "31%3Ag_wiji7MwkRfvA%3A2%3A1678975191%3A-1%3A-1"
    },
    {
        "domain": ".facebook.com",
        "expirationDate": 1679395828.846607,
        "hostOnly": false,
        "httpOnly": false,
        "key": "locale",
        "path": "/",
        "sameSite": "no_restriction",
        "secure": true,
        "session": false,
        "storeId": null,
        "value": "en_US"
    },
    {
        "domain": ".facebook.com",
        "expirationDate": 1710515073.186816,
        "hostOnly": false,
        "httpOnly": false,
        "key": "c_user",
        "path": "/",
        "sameSite": "no_restriction",
        "secure": true,
        "session": false,
        "storeId": null,
        "value": "100090327461735"
    },
    {
        "domain": ".facebook.com",
        "hostOnly": false,
        "httpOnly": false,
        "key": "presence",
        "path": "/",
        "sameSite": null,
        "secure": true,
        "session": true,
        "storeId": null,
        "value": "C%7B%22t3%22%3A%5B%5D%2C%22utc3%22%3A1678979081749%2C%22v%22%3A1%7D"
    },
    {
        "domain": ".facebook.com",
        "expirationDate": 1713539075.186779,
        "hostOnly": false,
        "httpOnly": true,
        "key": "sb",
        "path": "/",
        "sameSite": "no_restriction",
        "secure": true,
        "session": false,
        "storeId": null,
        "value": "pxu0Y7FByVaPzfgwu44J3Vme"
    },
    {
        "domain": ".facebook.com",
        "expirationDate": 1679583877,
        "hostOnly": false,
        "httpOnly": false,
        "key": "wd",
        "path": "/",
        "sameSite": "lax",
        "secure": true,
        "session": false,
        "storeId": null,
        "value": "1920x937"
    }
]